Workbook

Sheet Assumptions
A1: Real-World Cost-Effectiveness & Budget Impact Model
A2: Key Assumptions & Input Drivers
A4: Assumption | B4: Value | C4: Source / Note
A5: Total eligible patient population | B5: 10000 | C5: Assumption: target commercial population for budget impact analysis
A6: Year 1 Drug X market uptake | B6: 0.1 | C6: Assumption: conservative first-year adoption rate
A7: Year 2 Drug X market uptake | B7: 0.2 | C7: Assumption: adoption grows as formulary access expands
A8: Year 3 Drug X market uptake | B8: 0.3 | C8: Assumption: steady-state adoption ceiling for BIM horizon
A9: Annual cost per patient - Standard of Care | B9: 11954.93 | C9: Source: analysis.R output, simulated RWD (mean AnnualCost, SoC arm)
A10: Annual cost per patient - Drug X | B10: 21917.07 | C10: Source: analysis.R output, simulated RWD (mean AnnualCost, Drug X arm)
A11: Avg. hospitalizations/patient/yr - Standard of Care | B11: 3.392 | C11: Source: analysis.R output, simulated RWD (t-test group mean)
A12: Avg. hospitalizations/patient/yr - Drug X | B12: 1.884 | C12: Source: analysis.R output, simulated RWD (t-test group mean)
A13: Cost per hospitalization event | B13: 8000 | C13: Assumption: illustrative U.S. inpatient stay cost for modeling purposes
A14: QALY gain per patient (Drug X vs. SoC) | B14: 0.1508 | C14: Source: analysis.R output, simulated RWD (incremental QALY)
A15: Willingness-to-pay threshold ($/QALY) | B15: 50000 | C15: Assumption: commonly cited U.S. HTA cost-effectiveness threshold
A17: Note: Blue/highlighted cells are editable inputs. Change any assumption above and the Budget Impact and HEOR Summary sheets recalculate automatically.

Sheet Budget Impact Model
A1: 3-Year Budget Impact Model
A2: Scenario: World WITHOUT Drug X vs. World WITH Drug X (phased uptake)
A4: Metric | B4: Year 1 | C4: Year 2 | D4: Year 3
A5: Drug X market uptake (%) | B5: =Assumptions!$B$6 -> 0.1 | C5: =Assumptions!$B$7 -> 0.2 | D5: =Assumptions!$B$8 -> 0.3
A6: Patients on Drug X | B6: =Assumptions!$B$5*B5 -> 1000 | C6: =Assumptions!$B$5*C5 -> 2000 | D6: =Assumptions!$B$5*D5 -> 3000
A7: Patients remaining on Standard of Care | B7: =Assumptions!$B$5-B6 -> 9000 | C7: =Assumptions!$B$5-C6 -> 8000 | D7: =Assumptions!$B$5-D6 -> 7000
A9: SCENARIO A: World WITHOUT Drug X (100% SoC)
A10: Total treatment cost | B10: =Assumptions!$B$5*Assumptions!$B$9 -> 119549300 | C10: =Assumptions!$B$5*Assumptions!$B$9 -> 119549300 | D10: =Assumptions!$B$5*Assumptions!$B$9 -> 119549300
A11: Total hospitalization cost | B11: =Assumptions!$B$5*Assumptions!$B$11*Assumptions!$B$13 -> 271360000 | C11: =Assumptions!$B$5*Assumptions!$B$11*Assumptions!$B$13 -> 271360000 | D11: =Assumptions!$B$5*Assumptions!$B$11*Assumptions!$B$13 -> 271360000
A12: Total budget - Scenario A | B12: =SUM(B10:B11) -> 390909300 | C12: =SUM(C10:C11) -> 390909300 | D12: =SUM(D10:D11) -> 390909300
A14: SCENARIO B: World WITH Drug X (phased uptake)
A15: Drug X treatment cost | B15: =B6*Assumptions!$B$10 -> 21917070 | C15: =C6*Assumptions!$B$10 -> 43834140 | D15: =D6*Assumptions!$B$10 -> 65751210
A16: Drug X hospitalization cost | B16: =B6*Assumptions!$B$12*Assumptions!$B$13 -> 15072000 | C16: =C6*Assumptions!$B$12*Assumptions!$B$13 -> 30144000 | D16: =D6*Assumptions!$B$12*Assumptions!$B$13 -> 45216000
A17: Remaining SoC treatment cost | B17: =B7*Assumptions!$B$9 -> 107594370 | C17: =C7*Assumptions!$B$9 -> 95639440 | D17: =D7*Assumptions!$B$9 -> 83684510
A18: Remaining SoC hospitalization cost | B18: =B7*Assumptions!$B$11*Assumptions!$B$13 -> 244224000 | C18: =C7*Assumptions!$B$11*Assumptions!$B$13 -> 217088000 | D18: =D7*Assumptions!$B$11*Assumptions!$B$13 -> 189952000
A19: Total budget - Scenario B | B19: =SUM(B15:B18) -> 388807440 | C19: =SUM(C15:C18) -> 386705580 | D19: =SUM(D15:D18) -> 384603720
A21: NET BUDGET IMPACT (B - A) | B21: =B19-B12 -> -2101860 | C21: =C19-C12 -> -4203720 | D21: =D19-D12 -> -6305580
A22: Net budget impact per member (PMPY) | B22: =B21/Assumptions!$B$5 -> -210.186 | C22: =C21/Assumptions!$B$5 -> -420.372 | D22: =D21/Assumptions!$B$5 -> -630.558
A24: Note: Scenario A assumes no Drug X adoption (100% Standard of Care). Scenario B phases in Drug X uptake per the Assumptions sheet, with remaining patients on Standard of Care.

Sheet HEOR Summary
A1: Cost-Effectiveness Summary (ICER)
A2: Based on simulated real-world data.
A4: Metric | B4: Value
A5: Mean annual cost - Standard of Care | B5: =Assumptions!$B$9 -> 11954.93
A6: Mean annual cost - Drug X | B6: =Assumptions!$B$10 -> 21917.07
A7: Incremental cost (Drug X - SoC) | B7: =B6-B5 -> 9962.14
A9: Mean QALY gain (Drug X vs. SoC) | B9: =Assumptions!$B$14 -> 0.1508
A11: ICER ($ per QALY gained) | B11: =B7/B9 -> 66061.936
A13: Willingness-to-pay threshold ($/QALY) | B13: =Assumptions!$B$15 -> 50000
A16: Cost-effectiveness verdict (vs. WTP threshold) | B16: =IF(B11<=B13,"Cost-effective","Not cost-effective at this threshold") -> Not cost-effective at this threshold
A18: Clinical significance (hospitalizations)
A19: Welch two-sample t-test: t = -14.58, df = 931.1, p < 2.2e-16 (statistically significant reduction in hospitalizations with Drug X).
